epoch,step,train_loss_epoch,train_loss_step,val_loss,val_psnr
0,49,,0.1574576199054718,,
0,99,,0.17372465133666992,,
0,149,,0.16597720980644226,,
0,199,,0.1657198667526245,,
0,249,,0.12559042870998383,,
0,299,,0.2221822589635849,,
0,349,,0.09206889569759369,,
0,379,,,0.14265833795070648,15.78343391418457
0,379,0.1517220139503479,,,
1,399,,0.11106476187705994,,
1,449,,0.1154806911945343,,
1,499,,0.11636223644018173,,
1,549,,0.09295445680618286,,
1,599,,0.05934315174818039,,
1,649,,0.07882685214281082,,
1,699,,0.04092991352081299,,
1,749,,0.061233989894390106,,
1,759,,,0.07639987766742706,20.686277389526367
1,759,0.09596556425094604,,,
2,799,,0.07583485543727875,,
2,849,,0.0532020702958107,,
2,899,,0.07425837963819504,,
2,949,,0.07686261832714081,,
2,999,,0.06485122442245483,,
2,1049,,0.05268927663564682,,
2,1099,,0.0495637021958828,,
2,1139,,,0.0644625723361969,21.692487716674805
2,1139,0.07428453862667084,,,
3,1149,,0.06027644872665405,,
3,1199,,0.07272990047931671,,
3,1249,,0.053532734513282776,,
3,1299,,0.09520995616912842,,
3,1349,,0.04974503815174103,,
3,1399,,0.07095231860876083,,
3,1449,,0.05834895372390747,,
3,1499,,0.06248283386230469,,
3,1519,,,0.06343764066696167,21.761310577392578
3,1519,0.06708467751741409,,,
4,1549,,0.05487943813204765,,
4,1599,,0.05519809573888779,,
4,1649,,0.06986256688833237,,
4,1699,,0.07580232620239258,,
4,1749,,0.06432164460420609,,
4,1799,,0.06565719097852707,,
4,1849,,0.06109892576932907,,
4,1899,,0.05736985057592392,,
4,1899,,,0.06066405028104782,22.39712142944336
4,1899,0.06286123394966125,,,
5,1949,,0.04934268444776535,,
5,1999,,0.058600928634405136,,
5,2049,,0.08459635078907013,,
5,2099,,0.08310015499591827,,
5,2149,,0.03438292816281319,,
5,2199,,0.09072303771972656,,
5,2249,,0.07582180202007294,,
5,2279,,,0.05541408807039261,22.937292098999023
5,2279,0.059331052005290985,,,
6,2299,,0.04980030655860901,,
6,2349,,0.04270971566438675,,
6,2399,,0.03657626733183861,,
6,2449,,0.07075795531272888,,
6,2499,,0.05958591029047966,,
6,2549,,0.05416718125343323,,
6,2599,,0.034704167395830154,,
6,2649,,0.06723591685295105,,
6,2659,,,0.05454189330339432,22.684764862060547
6,2659,0.05743756890296936,,,
7,2699,,0.05896031856536865,,
7,2749,,0.05375948175787926,,
7,2799,,0.04948623105883598,,
7,2849,,0.046495359390974045,,
7,2899,,0.04786072298884392,,
7,2949,,0.07066761702299118,,
7,2999,,0.055079247802495956,,
7,3039,,,0.050373803824186325,23.412403106689453
7,3039,0.05538235232234001,,,
8,3049,,0.045411303639411926,,
8,3099,,0.06370775401592255,,
8,3149,,0.03762432560324669,,
8,3199,,0.03393160551786423,,
8,3249,,0.04263445734977722,,
8,3299,,0.05734769627451897,,
8,3349,,0.03892287611961365,,
8,3399,,0.049868326634168625,,
8,3419,,,0.0495312474668026,23.382835388183594
8,3419,0.053146347403526306,,,
9,3449,,0.05707811564207077,,
9,3499,,0.062346190214157104,,
9,3549,,0.03751794248819351,,
9,3599,,0.045082204043865204,,
9,3649,,0.04587778449058533,,
9,3699,,0.04844207316637039,,
9,3749,,0.04218990355730057,,
9,3799,,0.05714510381221771,,
9,3799,,,0.04976934194564819,23.69418716430664
9,3799,0.051494050770998,,,
10,3849,,0.054047271609306335,,
10,3899,,0.047182582318782806,,
10,3949,,0.08265361189842224,,
10,3999,,0.04054874926805496,,
10,4049,,0.03779740631580353,,
10,4099,,0.05700632929801941,,
10,4149,,0.05388298258185387,,
10,4179,,,0.045555584132671356,24.239330291748047
10,4179,0.049684789031744,,,
11,4199,,0.04045364260673523,,
11,4249,,0.037778228521347046,,
11,4299,,0.08196835219860077,,
11,4349,,0.04787997901439667,,
11,4399,,0.04012583568692207,,
11,4449,,0.042168572545051575,,
11,4499,,0.04433885216712952,,
11,4549,,0.06566751003265381,,
11,4559,,,0.045519132167100906,24.314149856567383
11,4559,0.04778539761900902,,,
12,4599,,0.045836191624403,,
12,4649,,0.037394747138023376,,
12,4699,,0.03424648195505142,,
12,4749,,0.056586019694805145,,
12,4799,,0.048698775470256805,,
12,4849,,0.03789522126317024,,
12,4899,,0.042108964174985886,,
12,4939,,,0.0432521216571331,24.628612518310547
12,4939,0.04628269374370575,,,
13,4949,,0.03094789758324623,,
13,4999,,0.048129647970199585,,
13,5049,,0.031903743743896484,,
13,5099,,0.037856873124837875,,
13,5149,,0.06762642413377762,,
13,5199,,0.04124891385436058,,
13,5249,,0.04213371127843857,,
13,5299,,0.055027883499860764,,
13,5319,,,0.04274577274918556,24.769392013549805
13,5319,0.0455474890768528,,,
14,5349,,0.04610326513648033,,
14,5399,,0.0391513928771019,,
14,5449,,0.029508929699659348,,
14,5499,,0.03666791319847107,,
14,5549,,0.059593670070171356,,
14,5599,,0.05197586119174957,,
14,5649,,0.042962461709976196,,
14,5699,,0.035831235349178314,,
14,5699,,,0.041200459003448486,25.07192611694336
14,5699,0.04432918503880501,,,
15,5749,,0.03849756345152855,,
15,5799,,0.027778882533311844,,
15,5849,,0.04714921861886978,,
15,5899,,0.038090743124485016,,
15,5949,,0.04778539389371872,,
15,5999,,0.03431608900427818,,
15,6049,,0.05410582944750786,,
15,6079,,,0.04084765166044235,24.888355255126953
15,6079,0.043036870658397675,,,
16,6099,,0.03476368263363838,,
16,6149,,0.027723103761672974,,
16,6199,,0.03789597004652023,,
16,6249,,0.031693920493125916,,
16,6299,,0.060664840042591095,,
16,6349,,0.03286496922373772,,
16,6399,,0.03252851590514183,,
16,6449,,0.038145601749420166,,
16,6459,,,0.049036506563425064,23.82329750061035
16,6459,0.04221530631184578,,,
17,6499,,0.040072835981845856,,
17,6549,,0.04245549067854881,,
17,6599,,0.04178374260663986,,
17,6649,,0.025257691740989685,,
17,6699,,0.03357625752687454,,
17,6749,,0.05094217509031296,,
17,6799,,0.03971026837825775,,
17,6839,,,0.04534083604812622,24.30638885498047
17,6839,0.04166547209024429,,,
18,6849,,0.06300399452447891,,
18,6899,,0.048207785934209824,,
18,6949,,0.03569098934531212,,
18,6999,,0.03248970955610275,,
18,7049,,0.029601050540804863,,
18,7099,,0.04210653901100159,,
18,7149,,0.04405166953802109,,
18,7199,,0.03596062585711479,,
18,7219,,,0.037446651607751846,25.662883758544922
18,7219,0.04078579321503639,,,
19,7249,,0.0431550107896328,,
19,7299,,0.0405212864279747,,
19,7349,,0.04669409990310669,,
19,7399,,0.031217161566019058,,
19,7449,,0.03320241719484329,,
19,7499,,0.03024141490459442,,
19,7549,,0.046070873737335205,,
19,7599,,0.03194098174571991,,
19,7599,,,0.04204433411359787,24.758716583251953
19,7599,0.04003508388996124,,,
20,7649,,0.040809351950883865,,
20,7699,,0.04004760831594467,,
20,7749,,0.02462281845510006,,
20,7799,,0.06201654672622681,,
20,7849,,0.028331246227025986,,
20,7899,,0.04091256111860275,,
20,7949,,0.04544968530535698,,
20,7979,,,0.036988016217947006,25.891998291015625
20,7979,0.040219780057668686,,,
21,7999,,0.03825446590781212,,
21,8049,,0.03658963739871979,,
21,8099,,0.04609854146838188,,
21,8149,,0.05272476375102997,,
21,8199,,0.039028845727443695,,
21,8249,,0.03827742859721184,,
21,8299,,0.029352715238928795,,
21,8349,,0.04542328417301178,,
21,8359,,,0.037793174386024475,25.45053482055664
21,8359,0.03838468715548515,,,
22,8399,,0.05402122065424919,,
22,8449,,0.037682026624679565,,
22,8499,,0.035595908761024475,,
22,8549,,0.02876809798181057,,
22,8599,,0.030821410939097404,,
22,8649,,0.05571755766868591,,
22,8699,,0.020887266844511032,,
22,8739,,,0.03777644783258438,25.793689727783203
22,8739,0.03790070116519928,,,
23,8749,,0.06950408220291138,,
23,8799,,0.025475768372416496,,
23,8849,,0.038247592747211456,,
23,8899,,0.04244653135538101,,
23,8949,,0.04533017799258232,,
23,8999,,0.0610492005944252,,
23,9049,,0.045265257358551025,,
23,9099,,0.05103851482272148,,
23,9119,,,0.03437727317214012,26.337265014648438
23,9119,0.037733759731054306,,,
24,9149,,0.023264359682798386,,
24,9199,,0.04208241030573845,,
24,9249,,0.02313932776451111,,
24,9299,,0.04496370255947113,,
24,9349,,0.04126429557800293,,
24,9399,,0.03720708191394806,,
24,9449,,0.03330142796039581,,
24,9499,,0.019039321690797806,,
24,9499,,,0.0349460169672966,26.20479965209961
24,9499,0.0371861457824707,,,
25,9549,,0.042608942836523056,,
25,9599,,0.038288846611976624,,
25,9649,,0.0229242704808712,,
25,9699,,0.03862793743610382,,
25,9749,,0.03120468556880951,,
25,9799,,0.04718327522277832,,
25,9849,,0.03509587049484253,,
25,9879,,,0.0343194380402565,26.36631202697754
25,9879,0.0370294526219368,,,
26,9899,,0.04359181970357895,,
26,9949,,0.043500762432813644,,
26,9999,,0.04732126742601395,,
26,10049,,0.0281363632529974,,
26,10099,,0.05767787992954254,,
26,10149,,0.043074291199445724,,
26,10199,,0.04536328837275505,,
26,10249,,0.0352926105260849,,
26,10259,,,0.03399961441755295,26.34915542602539
26,10259,0.03629336133599281,,,
27,10299,,0.04540447145700455,,
27,10349,,0.06400531530380249,,
27,10399,,0.019091660156846046,,
27,10449,,0.03652305155992508,,
27,10499,,0.03273013234138489,,
27,10549,,0.024607520550489426,,
27,10599,,0.03739720582962036,,
27,10639,,,0.03365631774067879,26.525726318359375
27,10639,0.035950787365436554,,,
28,10649,,0.04738251119852066,,
28,10699,,0.03142769634723663,,
28,10749,,0.04193684458732605,,
28,10799,,0.043301209807395935,,
28,10849,,0.038260478526353836,,
28,10899,,0.02881075255572796,,
28,10949,,0.035029780119657516,,
28,10999,,0.053849957883358,,
28,11019,,,0.03292355686426163,26.616601943969727
28,11019,0.0356137752532959,,,
29,11049,,0.02946886047720909,,
29,11099,,0.03257386386394501,,
29,11149,,0.03433522209525108,,
29,11199,,0.04579653590917587,,
29,11249,,0.04099450260400772,,
29,11299,,0.02370954118669033,,
29,11349,,0.038375355303287506,,
29,11399,,0.0320085771381855,,
29,11399,,,0.03547491505742073,26.329238891601562
29,11399,0.03578970581293106,,,
30,11449,,0.04597082734107971,,
30,11499,,0.030641477555036545,,
30,11549,,0.03058837354183197,,
30,11599,,0.032575905323028564,,
30,11649,,0.02077563665807247,,
30,11699,,0.0337442010641098,,
30,11749,,0.045519690960645676,,
30,11779,,,0.03438616544008255,26.41720199584961
30,11779,0.035933706909418106,,,
31,11799,,0.03462618216872215,,
31,11849,,0.028783753514289856,,
31,11899,,0.0468812994658947,,
31,11949,,0.0399172268807888,,
31,11999,,0.04137551411986351,,
31,12049,,0.048034366220235825,,
31,12099,,0.032465532422065735,,
31,12149,,0.02290499024093151,,
31,12159,,,0.033030517399311066,26.691646575927734
31,12159,0.0348828099668026,,,
32,12199,,0.038460396230220795,,
32,12249,,0.03997686132788658,,
32,12299,,0.03368055820465088,,
32,12349,,0.042619720101356506,,
32,12399,,0.05085691809654236,,
32,12449,,0.026098087430000305,,
32,12499,,0.034125104546546936,,
32,12539,,,0.03241364657878876,26.74733543395996
32,12539,0.034102898091077805,,,
33,12549,,0.024564450606703758,,
33,12599,,0.03100830875337124,,
33,12649,,0.017545174807310104,,
33,12699,,0.036736227571964264,,
33,12749,,0.026966817677021027,,
33,12799,,0.036552794277668,,
33,12849,,0.04488493502140045,,
33,12899,,0.03215007111430168,,
33,12919,,,0.03294132277369499,26.6608943939209
33,12919,0.034380923956632614,,,
34,12949,,0.029755471274256706,,
34,12999,,0.046243101358413696,,
34,13049,,0.043252795934677124,,
34,13099,,0.031236261129379272,,
34,13149,,0.0264799352735281,,
34,13199,,0.01731618121266365,,
34,13249,,0.03776034340262413,,
34,13299,,0.031126875430345535,,
34,13299,,,0.03546953573822975,26.4865779876709
34,13299,0.033984556794166565,,,
35,13349,,0.027712663635611534,,
35,13399,,0.03168392926454544,,
35,13449,,0.036724258214235306,,
35,13499,,0.026359712705016136,,
35,13549,,0.027860110625624657,,
35,13599,,0.028233472257852554,,
35,13649,,0.024448078125715256,,
35,13679,,,0.031922027468681335,26.962711334228516
35,13679,0.03382525220513344,,,
36,13699,,0.03525979071855545,,
36,13749,,0.041740767657756805,,
36,13799,,0.02902562916278839,,
36,13849,,0.025524728000164032,,
36,13899,,0.029941460117697716,,
36,13949,,0.059571824967861176,,
36,13999,,0.027561794966459274,,
36,14049,,0.029874764382839203,,
36,14059,,,0.03123174048960209,27.154621124267578
36,14059,0.03279364854097366,,,
37,14099,,0.03316839039325714,,
37,14149,,0.04009848088026047,,
37,14199,,0.03177577257156372,,
37,14249,,0.034201059490442276,,
37,14299,,0.03235718607902527,,
37,14349,,0.04162035509943962,,
37,14399,,0.02988196536898613,,
37,14439,,,0.03370525687932968,26.369232177734375
37,14439,0.033086128532886505,,,
38,14449,,0.034594982862472534,,
38,14499,,0.020899739116430283,,
38,14549,,0.0362573117017746,,
38,14599,,0.0393165647983551,,
38,14649,,0.022760270163416862,,
38,14699,,0.034675199538469315,,
38,14749,,0.027188420295715332,,
38,14799,,0.04001905024051666,,
38,14819,,,0.03334333747625351,26.5379638671875
38,14819,0.03284233435988426,,,
39,14849,,0.029540052637457848,,
39,14899,,0.02807532250881195,,
39,14949,,0.03260987624526024,,
39,14999,,0.017219357192516327,,
39,15049,,0.03467629849910736,,
39,15099,,0.017877133563160896,,
39,15149,,0.044688306748867035,,
39,15199,,0.04719141870737076,,
39,15199,,,0.030774736776947975,27.209964752197266
39,15199,0.03273599222302437,,,
40,15249,,0.02479853481054306,,
40,15299,,0.03618152067065239,,
40,15349,,0.02312108501791954,,
40,15399,,0.025774706155061722,,
40,15449,,0.029478635638952255,,
40,15499,,0.03674868121743202,,
40,15549,,0.018261203542351723,,
40,15579,,,0.03209675848484039,26.94333267211914
40,15579,0.03243197873234749,,,
41,15599,,0.04516987130045891,,
41,15649,,0.03169281408190727,,
41,15699,,0.03880612179636955,,
41,15749,,0.033235032111406326,,
41,15799,,0.026640502735972404,,
41,15849,,0.04058784618973732,,
41,15899,,0.02861897647380829,,
41,15949,,0.0361807718873024,,
41,15959,,,0.03171449899673462,26.927669525146484
41,15959,0.0325874462723732,,,
42,15999,,0.024101367220282555,,
42,16049,,0.035158757120370865,,
42,16099,,0.031314872205257416,,
42,16149,,0.05017183721065521,,
42,16199,,0.04615950211882591,,
42,16249,,0.02932385355234146,,
42,16299,,0.03499342501163483,,
42,16339,,,0.03171531483530998,26.86189842224121
42,16339,0.03192799538373947,,,
43,16349,,0.026116177439689636,,
43,16399,,0.040172431617975235,,
43,16449,,0.03187372162938118,,
43,16499,,0.038002993911504745,,
43,16549,,0.02410252019762993,,
43,16599,,0.020783090963959694,,
43,16649,,0.034806955605745316,,
43,16699,,0.02206214889883995,,
43,16719,,,0.03031044267117977,27.333446502685547
43,16719,0.03152726590633392,,,
44,16749,,0.021737508475780487,,
44,16799,,0.04175492376089096,,
44,16849,,0.025161560624837875,,
44,16899,,0.030322108417749405,,
44,16949,,0.030169112607836723,,
44,16999,,0.03265161067247391,,
44,17049,,0.028436502441763878,,
44,17099,,0.026747222989797592,,
44,17099,,,0.029925907030701637,27.494054794311523
44,17099,0.03139461576938629,,,
45,17149,,0.020712800323963165,,
45,17199,,0.030712801963090897,,
45,17249,,0.028553005307912827,,
45,17299,,0.030765404924750328,,
45,17349,,0.03199002891778946,,
45,17399,,0.018048878759145737,,
45,17449,,0.01991894468665123,,
45,17479,,,0.03151214122772217,27.172094345092773
45,17479,0.0317281074821949,,,
46,17499,,0.023982709273695946,,
46,17549,,0.04162873327732086,,
46,17599,,0.02889854460954666,,
46,17649,,0.010172197595238686,,
46,17699,,0.022556759417057037,,
46,17749,,0.031129678711295128,,
46,17799,,0.03520103543996811,,
46,17849,,0.02790396474301815,,
46,17859,,,0.030834471806883812,27.27716636657715
46,17859,0.031159203499555588,,,
47,17899,,0.03055936098098755,,
47,17949,,0.051812928169965744,,
47,17999,,0.02722219191491604,,
47,18049,,0.04045812785625458,,
47,18099,,0.02655361406505108,,
47,18149,,0.024695709347724915,,
47,18199,,0.040572576224803925,,
47,18239,,,0.029030386358499527,27.708770751953125
47,18239,0.030836503952741623,,,
48,18249,,0.022200629115104675,,
48,18299,,0.04097972437739372,,
48,18349,,0.042128317058086395,,
48,18399,,0.029978670179843903,,
48,18449,,0.033994436264038086,,
48,18499,,0.03868972137570381,,
48,18549,,0.02839082106947899,,
48,18599,,0.034640513360500336,,
48,18619,,,0.030445590615272522,27.41800880432129
48,18619,0.030776450410485268,,,
49,18649,,0.021026095375418663,,
49,18699,,0.023036271333694458,,
49,18749,,0.025920763611793518,,
49,18799,,0.01604858599603176,,
49,18849,,0.04140662029385567,,
49,18899,,0.022255083546042442,,
49,18949,,0.030288850888609886,,
49,18999,,0.02048385515809059,,
49,18999,,,0.030216896906495094,27.533105850219727
49,18999,0.03030915930867195,,,
50,19049,,0.028458183631300926,,
50,19099,,0.015607273206114769,,
50,19149,,0.03400927782058716,,
50,19199,,0.035560108721256256,,
50,19249,,0.029379915446043015,,
50,19299,,0.028965478762984276,,
50,19349,,0.030231988057494164,,
50,19379,,,0.02895176038146019,27.690448760986328
50,19379,0.030506864190101624,,,
51,19399,,0.02083158679306507,,
51,19449,,0.03094826452434063,,
51,19499,,0.027182575315237045,,
51,19549,,0.04121149703860283,,
51,19599,,0.04335568845272064,,
51,19649,,0.02104039303958416,,
51,19699,,0.028675531968474388,,
51,19749,,0.027040567249059677,,
51,19759,,,0.02957780286669731,27.665851593017578
51,19759,0.030207598581910133,,,
52,19799,,0.024713758379220963,,
52,19849,,0.03757001459598541,,
52,19899,,0.048272259533405304,,
52,19949,,0.03370203822851181,,
52,19999,,0.029646676033735275,,
52,20049,,0.035545747727155685,,
52,20099,,0.035948898643255234,,
52,20139,,,0.028522852808237076,27.820871353149414
52,20139,0.03021104633808136,,,
53,20149,,0.041467707604169846,,
53,20199,,0.04767116159200668,,
53,20249,,0.02841220423579216,,
53,20299,,0.03364221751689911,,
53,20349,,0.035155802965164185,,
53,20399,,0.04115661233663559,,
53,20449,,0.038299866020679474,,
53,20499,,0.03071541339159012,,
53,20519,,,0.02861885167658329,27.859203338623047
53,20519,0.029981829226017,,,
54,20549,,0.03021283447742462,,
54,20599,,0.017853274941444397,,
54,20649,,0.03431619331240654,,
54,20699,,0.02418610081076622,,
54,20749,,0.05276282876729965,,
54,20799,,0.021996978670358658,,
54,20849,,0.017760057002305984,,
54,20899,,0.029627524316310883,,
54,20899,,,0.02816849946975708,27.940616607666016
54,20899,0.02981247939169407,,,
55,20949,,0.03821169584989548,,
55,20999,,0.03281038999557495,,
55,21049,,0.03656318411231041,,
55,21099,,0.02707025036215782,,
55,21149,,0.02950291708111763,,
55,21199,,0.03759101778268814,,
55,21249,,0.025171389803290367,,
55,21279,,,0.02984863892197609,27.60675048828125
55,21279,0.030193552374839783,,,
56,21299,,0.03459685295820236,,
56,21349,,0.034636370837688446,,
56,21399,,0.02777627855539322,,
56,21449,,0.03626146912574768,,
56,21499,,0.02212902158498764,,
56,21549,,0.029487526044249535,,
56,21599,,0.022319277748465538,,
56,21649,,0.030865371227264404,,
56,21659,,,0.02815404161810875,27.929513931274414
56,21659,0.029592275619506836,,,
57,21699,,0.03354901075363159,,
57,21749,,0.034365877509117126,,
57,21799,,0.014563878998160362,,
57,21849,,0.023654479533433914,,
57,21899,,0.02873087488114834,,
57,21949,,0.019428102299571037,,
57,21999,,0.03154810890555382,,
57,22039,,,0.027787253260612488,28.064685821533203
57,22039,0.02932633087038994,,,
58,22049,,0.040589019656181335,,
58,22099,,0.03625224530696869,,
58,22149,,0.0206175334751606,,
58,22199,,0.04091695696115494,,
58,22249,,0.028258614242076874,,
58,22299,,0.02159189246594906,,
58,22349,,0.041819289326667786,,
58,22399,,0.026999052613973618,,
58,22419,,,0.028279418125748634,27.916378021240234
58,22419,0.028974097222089767,,,
59,22449,,0.015072042122483253,,
59,22499,,0.02887040004134178,,
59,22549,,0.023346707224845886,,
59,22599,,0.027570094913244247,,
59,22649,,0.02119276486337185,,
59,22699,,0.033092305064201355,,
59,22749,,0.024358060210943222,,
59,22799,,0.030272629112005234,,
59,22799,,,0.028114542365074158,27.91543197631836
59,22799,0.029295319691300392,,,
60,22849,,0.026323754340410233,,
60,22899,,0.028955448418855667,,
60,22949,,0.026236604899168015,,
60,22999,,0.03676889091730118,,
60,23049,,0.026812206953763962,,
60,23099,,0.03941923379898071,,
60,23149,,0.03967507928609848,,
60,23179,,,0.027982955798506737,28.039602279663086
60,23179,0.028923863545060158,,,
61,23199,,0.044222310185432434,,
61,23249,,0.026526106521487236,,
61,23299,,0.0272271316498518,,
61,23349,,0.027077896520495415,,
61,23399,,0.017690930515527725,,
61,23449,,0.02320542186498642,,
61,23499,,0.036412835121154785,,
61,23549,,0.027746643871068954,,
61,23559,,,0.02762962505221367,28.11783790588379
61,23559,0.028570080175995827,,,
62,23599,,0.03817744553089142,,
62,23649,,0.036274589598178864,,
62,23699,,0.03403369337320328,,
62,23749,,0.013475185260176659,,
62,23799,,0.02754822000861168,,
62,23849,,0.018356719985604286,,
62,23899,,0.02961132489144802,,
62,23939,,,0.027859102934598923,28.00356101989746
62,23939,0.02854236029088497,,,
63,23949,,0.022307779639959335,,
63,23999,,0.02018875442445278,,
63,24049,,0.03489179536700249,,
63,24099,,0.024378757923841476,,
63,24149,,0.03219274431467056,,
63,24199,,0.03960800915956497,,
63,24249,,0.029843082651495934,,
63,24299,,0.033369775861501694,,
63,24319,,,0.02779853343963623,28.144367218017578
63,24319,0.02854921482503414,,,
64,24349,,0.022023193538188934,,
64,24399,,0.031240880489349365,,
64,24449,,0.02966504916548729,,
64,24499,,0.02676519751548767,,
64,24549,,0.033712927252054214,,
64,24599,,0.034491460770368576,,
64,24649,,0.04029208421707153,,
64,24699,,0.01937514916062355,,
64,24699,,,0.02811572514474392,28.050045013427734
64,24699,0.02816373109817505,,,
65,24749,,0.021242797374725342,,
65,24799,,0.027396932244300842,,
65,24849,,0.032382845878601074,,
65,24899,,0.013223755173385143,,
65,24949,,0.02761857956647873,,
65,24999,,0.02235676907002926,,
65,25049,,0.028235573321580887,,
65,25079,,,0.02737109735608101,28.211196899414062
65,25079,0.028299102559685707,,,
66,25099,,0.026870861649513245,,
66,25149,,0.022750092670321465,,
66,25199,,0.02489697001874447,,
66,25249,,0.02501128613948822,,
66,25299,,0.021414265036582947,,
66,25349,,0.029998406767845154,,
66,25399,,0.03725605458021164,,
66,25449,,0.025887204334139824,,
66,25459,,,0.027782972902059555,28.029491424560547
66,25459,0.02822072058916092,,,
67,25499,,0.023688223212957382,,
67,25549,,0.022201746702194214,,
67,25599,,0.029262926429510117,,
67,25649,,0.03011050634086132,,
67,25699,,0.022097565233707428,,
67,25749,,0.02648293599486351,,
67,25799,,0.02710794471204281,,
67,25839,,,0.02671622857451439,28.33133888244629
67,25839,0.02800874039530754,,,
68,25849,,0.03156618773937225,,
68,25899,,0.02296973392367363,,
68,25949,,0.02326115593314171,,
68,25999,,0.030495066195726395,,
68,26049,,0.034593984484672546,,
68,26099,,0.027936331927776337,,
68,26149,,0.0357322059571743,,
68,26199,,0.03889509290456772,,
68,26219,,,0.02749701403081417,28.17580223083496
68,26219,0.02783278003334999,,,
69,26249,,0.04407576844096184,,
69,26299,,0.030550632625818253,,
69,26349,,0.025131767615675926,,
69,26399,,0.028547298163175583,,
69,26449,,0.03447359800338745,,
69,26499,,0.03315896540880203,,
69,26549,,0.03338051587343216,,
69,26599,,0.022470444440841675,,
69,26599,,,0.027219895273447037,28.32948875427246
69,26599,0.027976742014288902,,,
70,26649,,0.034557826817035675,,
70,26699,,0.023796042427420616,,
70,26749,,0.041016366332769394,,
70,26799,,0.025922929868102074,,
70,26849,,0.032749373465776443,,
70,26899,,0.029535189270973206,,
70,26949,,0.037131138145923615,,
70,26979,,,0.026935692876577377,28.331579208374023
70,26979,0.027681510895490646,,,
71,26999,,0.023716382682323456,,
71,27049,,0.04491505026817322,,
71,27099,,0.02624036930501461,,
71,27149,,0.025472959503531456,,
71,27199,,0.028564881533384323,,
71,27249,,0.03220026195049286,,
71,27299,,0.03493695333600044,,
71,27349,,0.02559693716466427,,
71,27359,,,0.026648858562111855,28.450769424438477
71,27359,0.027669044211506844,,,
72,27399,,0.02632896415889263,,
72,27449,,0.021677229553461075,,
72,27499,,0.029650699347257614,,
72,27549,,0.016619732603430748,,
72,27599,,0.025721821933984756,,
72,27649,,0.01558232307434082,,
72,27699,,0.03845403343439102,,
72,27739,,,0.026629522442817688,28.3695011138916
72,27739,0.027560198679566383,,,
73,27749,,0.027272004634141922,,
73,27799,,0.020430538803339005,,
73,27849,,0.02044239640235901,,
73,27899,,0.026354879140853882,,
73,27949,,0.0382581502199173,,
73,27999,,0.030885940417647362,,
73,28049,,0.019965050742030144,,
73,28099,,0.023169806227087975,,
73,28119,,,0.02627313695847988,28.488109588623047
73,28119,0.027327734977006912,,,
74,28149,,0.037839047610759735,,
74,28199,,0.020350787788629532,,
74,28249,,0.022399093955755234,,
74,28299,,0.0414111390709877,,
74,28349,,0.028626708313822746,,
74,28399,,0.022351309657096863,,
74,28449,,0.023296382278203964,,
74,28499,,0.03465866297483444,,
74,28499,,,0.026429692283272743,28.49428939819336
74,28499,0.02724273130297661,,,
75,28549,,0.029656773433089256,,
75,28599,,0.013231761753559113,,
75,28649,,0.026109039783477783,,
75,28699,,0.024455321952700615,,
75,28749,,0.04210655391216278,,
75,28799,,0.02314656600356102,,
75,28849,,0.019275274127721786,,
75,28879,,,0.026407167315483093,28.358694076538086
75,28879,0.027021026238799095,,,
76,28899,,0.024715300649404526,,
76,28949,,0.02037188597023487,,
76,28999,,0.02568676322698593,,
76,29049,,0.025034405291080475,,
76,29099,,0.033192604780197144,,
76,29149,,0.031065374612808228,,
76,29199,,0.01968594640493393,,
76,29249,,0.03762338310480118,,
76,29259,,,0.026371726766228676,28.477792739868164
76,29259,0.027074096724390984,,,
77,29299,,0.02102796360850334,,
77,29349,,0.03935188055038452,,
77,29399,,0.024988438934087753,,
77,29449,,0.02621765062212944,,
77,29499,,0.032781101763248444,,
77,29549,,0.019599149003624916,,
77,29599,,0.01891303062438965,,
77,29639,,,0.026312699541449547,28.493154525756836
77,29639,0.027057023718953133,,,
78,29649,,0.03013002686202526,,
78,29699,,0.025627603754401207,,
78,29749,,0.031049787998199463,,
78,29799,,0.0219422634691,,
78,29849,,0.0289254542440176,,
78,29899,,0.023505177348852158,,
78,29949,,0.022032104432582855,,
78,29999,,0.02745783142745495,,
78,30019,,,0.026315709576010704,28.48423194885254
78,30019,0.026926757767796516,,,
79,30049,,0.020134899765253067,,
79,30099,,0.02936703711748123,,
79,30149,,0.012719353660941124,,
79,30199,,0.02685115486383438,,
79,30249,,0.026196947321295738,,
79,30299,,0.026778563857078552,,
79,30349,,0.030328210443258286,,
79,30399,,0.02127593755722046,,
79,30399,,,0.025801440700888634,28.639938354492188
79,30399,0.02659502439200878,,,
80,30449,,0.03173916041851044,,
80,30499,,0.02554088830947876,,
80,30549,,0.019949380308389664,,
80,30599,,0.021615054458379745,,
80,30649,,0.02585494890809059,,
80,30699,,0.03704550862312317,,
80,30749,,0.023767029866576195,,
80,30779,,,0.026094311848282814,28.569095611572266
80,30779,0.026472989469766617,,,
81,30799,,0.0382402278482914,,
81,30849,,0.027117004618048668,,
81,30899,,0.034452199935913086,,
81,30949,,0.01634831726551056,,
81,30999,,0.017775585874915123,,
81,31049,,0.03314962983131409,,
81,31099,,0.02209497056901455,,
81,31149,,0.016110187396407127,,
81,31159,,,0.025932541117072105,28.62095069885254
81,31159,0.02657254785299301,,,
82,31199,,0.03815300762653351,,
82,31249,,0.02339458093047142,,
82,31299,,0.024273883551359177,,
82,31349,,0.030303267762064934,,
82,31399,,0.015420656651258469,,
82,31449,,0.022974893450737,,
82,31499,,0.0243295319378376,,
82,31539,,,0.0256568044424057,28.623760223388672
82,31539,0.02647293172776699,,,
83,31549,,0.021291017532348633,,
83,31599,,0.035453565418720245,,
83,31649,,0.01987139880657196,,
83,31699,,0.023540552705526352,,
83,31749,,0.034054771065711975,,
83,31799,,0.026898987591266632,,
83,31849,,0.04038526490330696,,
83,31899,,0.0338202640414238,,
83,31919,,,0.025792911648750305,28.693389892578125
83,31919,0.026428064331412315,,,
84,31949,,0.029721086844801903,,
84,31999,,0.039112675935029984,,
84,32049,,0.03172419220209122,,
84,32099,,0.030326589941978455,,
84,32149,,0.03408538177609444,,
84,32199,,0.02239678055047989,,
84,32249,,0.02317100763320923,,
84,32299,,0.026326199993491173,,
84,32299,,,0.025919288396835327,28.631784439086914
84,32299,0.02635250799357891,,,
85,32349,,0.016767436638474464,,
85,32399,,0.04094617813825607,,
85,32449,,0.0318433903157711,,
85,32499,,0.02805062010884285,,
85,32549,,0.015409397892653942,,
85,32599,,0.025497715920209885,,
85,32649,,0.01799618825316429,,
85,32679,,,0.025610212236642838,28.674209594726562
85,32679,0.02610543742775917,,,
86,32699,,0.03019028715789318,,
86,32749,,0.03211448714137077,,
86,32799,,0.030446857213974,,
86,32849,,0.03689687326550484,,
86,32899,,0.024213455617427826,,
86,32949,,0.025026537477970123,,
86,32999,,0.031761523336172104,,
86,33049,,0.017434805631637573,,
86,33059,,,0.02619054913520813,28.555545806884766
86,33059,0.026007581502199173,,,
87,33099,,0.02984304539859295,,
87,33149,,0.02622782252728939,,
87,33199,,0.02387913689017296,,
87,33249,,0.05758475512266159,,
87,33299,,0.021774407476186752,,
87,33349,,0.03758804500102997,,
87,33399,,0.0181504487991333,,
87,33439,,,0.025492053478956223,28.783782958984375
87,33439,0.026198066771030426,,,
88,33449,,0.037120383232831955,,
88,33499,,0.02469141036272049,,
88,33549,,0.02632339671254158,,
88,33599,,0.02310146391391754,,
88,33649,,0.02986764907836914,,
88,33699,,0.028559070080518723,,
88,33749,,0.01892077922821045,,
88,33799,,0.02121107280254364,,
88,33819,,,0.026181403547525406,28.60675048828125
88,33819,0.025970691815018654,,,
89,33849,,0.029871728271245956,,
89,33899,,0.02315126173198223,,
89,33949,,0.021990960463881493,,
89,33999,,0.03117261454463005,,
89,34049,,0.037304386496543884,,
89,34099,,0.029309969395399094,,
89,34149,,0.02703143283724785,,
89,34199,,0.0252714604139328,,
89,34199,,,0.025390008464455605,28.7979679107666
89,34199,0.02588033489882946,,,
90,34249,,0.02720910869538784,,
90,34299,,0.019887423142790794,,
90,34349,,0.02978016808629036,,
90,34399,,0.023331835865974426,,
90,34449,,0.04734395071864128,,
90,34499,,0.02928609773516655,,
90,34549,,0.030492279678583145,,
90,34579,,,0.025610897690057755,28.738439559936523
90,34579,0.02579445391893387,,,
91,34599,,0.022623267024755478,,
91,34649,,0.021886907517910004,,
91,34699,,0.034112222492694855,,
91,34749,,0.027982696890830994,,
91,34799,,0.023017166182398796,,
91,34849,,0.029005806893110275,,
91,34899,,0.022948574274778366,,
91,34949,,0.027898823842406273,,
91,34959,,,0.02555587887763977,28.792343139648438
91,34959,0.025760015472769737,,,
92,34999,,0.03513288125395775,,
92,35049,,0.021713918074965477,,
92,35099,,0.029795128852128983,,
92,35149,,0.023913051933050156,,
92,35199,,0.023379381746053696,,
92,35249,,0.02566957101225853,,
92,35299,,0.020328598096966743,,
92,35339,,,0.02522246539592743,28.815750122070312
92,35339,0.02577247843146324,,,
93,35349,,0.03334151208400726,,
93,35399,,0.026089396327733994,,
93,35449,,0.03591526672244072,,
93,35499,,0.02423432096838951,,
93,35549,,0.01411651261150837,,
93,35599,,0.019112981855869293,,
93,35649,,0.01767272874712944,,
93,35699,,0.018423032015562057,,
93,35719,,,0.025018135085701942,28.870534896850586
93,35719,0.025551969185471535,,,
94,35749,,0.024821748957037926,,
94,35799,,0.025089284405112267,,
94,35849,,0.026497429236769676,,
94,35899,,0.02845410630106926,,
94,35949,,0.023315008729696274,,
94,35999,,0.026611318811774254,,
94,36049,,0.02151968888938427,,
94,36099,,0.02065809816122055,,
94,36099,,,0.025088930502533913,28.8715877532959
94,36099,0.025402719154953957,,,
95,36149,,0.032872386276721954,,
95,36199,,0.020318474620580673,,
95,36249,,0.03741248697042465,,
95,36299,,0.027968069538474083,,
95,36349,,0.023979924619197845,,
95,36399,,0.02268129400908947,,
95,36449,,0.04532485455274582,,
95,36479,,,0.02493584156036377,28.898700714111328
95,36479,0.025351718068122864,,,
96,36499,,0.02855743281543255,,
96,36549,,0.013534876517951488,,
96,36599,,0.030291592702269554,,
96,36649,,0.022084763273596764,,
96,36699,,0.025756165385246277,,
96,36749,,0.014645527116954327,,
96,36799,,0.04109998047351837,,
96,36849,,0.015253844670951366,,
96,36859,,,0.025182172656059265,28.810009002685547
96,36859,0.025295989587903023,,,
97,36899,,0.026043564081192017,,
97,36949,,0.018388917669653893,,
97,36999,,0.015462616458535194,,
97,37049,,0.017311235889792442,,
97,37099,,0.023014001548290253,,
97,37149,,0.013032127171754837,,
97,37199,,0.025533244013786316,,
97,37239,,,0.02483288384974003,28.951486587524414
97,37239,0.02522415854036808,,,
98,37249,,0.023279473185539246,,
98,37299,,0.024938233196735382,,
98,37349,,0.018472852185368538,,
98,37399,,0.023086464032530785,,
98,37449,,0.017047572880983353,,
98,37499,,0.019068820402026176,,
98,37549,,0.035801000893116,,
98,37599,,0.02441173419356346,,
98,37619,,,0.024966005235910416,28.89020347595215
98,37619,0.025048496201634407,,,
99,37649,,0.02601972222328186,,
99,37699,,0.030379723757505417,,
99,37749,,0.032014958560466766,,
99,37799,,0.019403576850891113,,
99,37849,,0.026791483163833618,,
99,37899,,0.032144129276275635,,
99,37949,,0.029812484979629517,,
99,37999,,0.014478545635938644,,
99,37999,,,0.02460845187306404,29.00629234313965
99,37999,0.024997297674417496,,,
100,38049,,0.031531207263469696,,
100,38099,,0.01952274888753891,,
100,38149,,0.02481086552143097,,
100,38199,,0.012717952951788902,,
100,38249,,0.017704209312796593,,
100,38299,,0.022564252838492393,,
100,38349,,0.03850772976875305,,
100,38379,,,0.024919789284467697,28.880584716796875
100,38379,0.024997275322675705,,,
101,38399,,0.021173037588596344,,
101,38449,,0.026829971000552177,,
101,38499,,0.03569011390209198,,
101,38549,,0.027480658143758774,,
101,38599,,0.02337765507400036,,
101,38649,,0.034484751522541046,,
101,38699,,0.01981060393154621,,
101,38749,,0.026693938300013542,,
101,38759,,,0.024736078456044197,28.94821548461914
101,38759,0.024907302111387253,,,
102,38799,,0.022497501224279404,,
102,38849,,0.028631072491407394,,
102,38899,,0.0236574225127697,,
102,38949,,0.025263693183660507,,
102,38999,,0.025904804468154907,,
102,39049,,0.02185959368944168,,
102,39099,,0.035194527357816696,,
102,39139,,,0.024747617542743683,28.946353912353516
102,39139,0.024888427928090096,,,
103,39149,,0.026897139847278595,,
103,39199,,0.0355689600110054,,
103,39249,,0.01576370559632778,,
103,39299,,0.020151006057858467,,
103,39349,,0.019835563376545906,,
103,39399,,0.02085176110267639,,
103,39449,,0.02338269352912903,,
103,39499,,0.024532092735171318,,
103,39519,,,0.024677863344550133,28.982189178466797
103,39519,0.024773046374320984,,,
104,39549,,0.032142508774995804,,
104,39599,,0.026411868631839752,,
104,39649,,0.028082776814699173,,
104,39699,,0.024218320846557617,,
104,39749,,0.02044682949781418,,
104,39799,,0.02018614299595356,,
104,39849,,0.040352270007133484,,
104,39899,,0.01056196540594101,,
104,39899,,,0.02462669648230076,28.99618148803711
104,39899,0.024801993742585182,,,
105,39949,,0.019271789118647575,,
105,39999,,0.016594719141721725,,
105,40049,,0.02999454364180565,,
105,40099,,0.015863683074712753,,
105,40149,,0.028109818696975708,,
105,40199,,0.019778583198785782,,
105,40249,,0.021207725629210472,,
105,40279,,,0.02477000281214714,28.9931697845459
105,40279,0.024721089750528336,,,
106,40299,,0.03328385949134827,,
106,40349,,0.02840622141957283,,
106,40399,,0.021618470549583435,,
106,40449,,0.026532236486673355,,
106,40499,,0.02572654001414776,,
106,40549,,0.02117030881345272,,
106,40599,,0.020079515874385834,,
106,40649,,0.0197746604681015,,
106,40659,,,0.02431413158774376,29.10748863220215
106,40659,0.02460944466292858,,,
107,40699,,0.022481422871351242,,
107,40749,,0.020169982686638832,,
107,40799,,0.03306093066930771,,
107,40849,,0.025672193616628647,,
107,40899,,0.02572701871395111,,
107,40949,,0.02349848859012127,,
107,40999,,0.027486061677336693,,
107,41039,,,0.024532554671168327,29.01527976989746
107,41039,0.02456722967326641,,,
108,41049,,0.01677234098315239,,
108,41099,,0.012693382799625397,,
108,41149,,0.0330343022942543,,
108,41199,,0.026158645749092102,,
108,41249,,0.02088908664882183,,
108,41299,,0.03225526213645935,,
108,41349,,0.03436674550175667,,
108,41399,,0.016473960131406784,,
108,41419,,,0.024563398212194443,29.017852783203125
108,41419,0.024604471400380135,,,
109,41449,,0.02664598450064659,,
109,41499,,0.026269709691405296,,
109,41549,,0.03132069110870361,,
109,41599,,0.03196818754076958,,
109,41649,,0.030607445165514946,,
109,41699,,0.022382263094186783,,
109,41749,,0.016347121447324753,,
109,41799,,0.035116612911224365,,
109,41799,,,0.024448174983263016,29.014240264892578
109,41799,0.02441459521651268,,,
110,41849,,0.01786677911877632,,
110,41899,,0.029852112755179405,,
110,41949,,0.025940071791410446,,
110,41999,,0.016869455575942993,,
110,42049,,0.021235739812254906,,
110,42099,,0.030276170000433922,,
110,42149,,0.02739003300666809,,
110,42179,,,0.02442621998488903,29.059215545654297
110,42179,0.024248624220490456,,,
111,42199,,0.015129811130464077,,
111,42249,,0.021144961938261986,,
111,42299,,0.029480954632163048,,
111,42349,,0.016884945333003998,,
111,42399,,0.021397721022367477,,
111,42449,,0.03317027539014816,,
111,42499,,0.021965524181723595,,
111,42549,,0.024283787235617638,,
111,42559,,,0.02452136017382145,29.06173324584961
111,42559,0.024275600910186768,,,
112,42599,,0.024232473224401474,,
112,42649,,0.02774440310895443,,
112,42699,,0.024879705160856247,,
112,42749,,0.02380399964749813,,
112,42799,,0.02061053179204464,,
112,42849,,0.024633005261421204,,
112,42899,,0.02770981192588806,,
112,42939,,,0.02420392446219921,29.136566162109375
112,42939,0.024358104914426804,,,
113,42949,,0.026083996519446373,,
113,42999,,0.022038128226995468,,
113,43049,,0.017055055126547813,,
113,43099,,0.02217905968427658,,
113,43149,,0.016262870281934738,,
113,43199,,0.01905820704996586,,
113,43249,,0.026357974857091904,,
113,43299,,0.03723432123661041,,
113,43319,,,0.024575743824243546,29.04513168334961
113,43319,0.024207526817917824,,,
114,43349,,0.02664509043097496,,
114,43399,,0.023780252784490585,,
114,43449,,0.027037492021918297,,
114,43499,,0.025881901383399963,,
114,43549,,0.020335156470537186,,
114,43599,,0.020068779587745667,,
114,43649,,0.03246622905135155,,
114,43699,,0.025322578847408295,,
114,43699,,,0.02430831827223301,29.096569061279297
114,43699,0.02413148805499077,,,
115,43749,,0.022575369104743004,,
115,43799,,0.02358592301607132,,
115,43849,,0.02941327914595604,,
115,43899,,0.03920818120241165,,
115,43949,,0.024318918585777283,,
115,43999,,0.019964244216680527,,
115,44049,,0.024852488189935684,,
115,44079,,,0.02411009930074215,29.151580810546875
115,44079,0.024111391976475716,,,
116,44099,,0.02207370661199093,,
116,44149,,0.024243440479040146,,
116,44199,,0.030898122116923332,,
116,44249,,0.02714640647172928,,
116,44299,,0.021948307752609253,,
116,44349,,0.021364396438002586,,
116,44399,,0.02452232502400875,,
116,44449,,0.02990683913230896,,
116,44459,,,0.024096455425024033,29.150699615478516
116,44459,0.024137260392308235,,,
117,44499,,0.013415545225143433,,
117,44549,,0.029233260080218315,,
117,44599,,0.024839943274855614,,
117,44649,,0.018648948520421982,,
117,44699,,0.0265183262526989,,
117,44749,,0.01920991763472557,,
117,44799,,0.028653591871261597,,
117,44839,,,0.024343734607100487,29.058053970336914
117,44839,0.024053892120718956,,,
118,44849,,0.018359292298555374,,
118,44899,,0.022688470780849457,,
118,44949,,0.02672201208770275,,
118,44999,,0.021195068955421448,,
118,45049,,0.023325081914663315,,
118,45099,,0.02538466453552246,,
118,45149,,0.026446852833032608,,
118,45199,,0.02011806145310402,,
118,45219,,,0.024175379425287247,29.117929458618164
118,45219,0.0240181777626276,,,
119,45249,,0.029888149350881577,,
119,45299,,0.016803396865725517,,
119,45349,,0.02694043517112732,,
119,45399,,0.02398546040058136,,
119,45449,,0.01903109811246395,,
119,45499,,0.021327173337340355,,
119,45549,,0.028146138414740562,,
119,45599,,0.025486893951892853,,
119,45599,,,0.02403351292014122,29.166980743408203
119,45599,0.024059420451521873,,,
120,45649,,0.015922458842396736,,
120,45699,,0.017395872622728348,,
120,45749,,0.023111959919333458,,
120,45799,,0.03011849895119667,,
120,45849,,0.027924343943595886,,
120,45899,,0.020988672971725464,,
120,45949,,0.017395462840795517,,
120,45979,,,0.02405271679162979,29.177108764648438
120,45979,0.024018049240112305,,,
121,45999,,0.025903552770614624,,
121,46049,,0.03411637246608734,,
121,46099,,0.03824414312839508,,
121,46149,,0.022836163640022278,,
121,46199,,0.03106045536696911,,
121,46249,,0.021548952907323837,,
121,46299,,0.020901672542095184,,
121,46349,,0.023274917155504227,,
121,46359,,,0.024110890924930573,29.13979721069336
121,46359,0.023961080238223076,,,
122,46399,,0.03600769490003586,,
122,46449,,0.03613289073109627,,
122,46499,,0.021646898239850998,,
122,46549,,0.033693283796310425,,
122,46599,,0.025622641667723656,,
122,46649,,0.026949506253004074,,
122,46699,,0.0168599896132946,,
122,46739,,,0.023981288075447083,29.215312957763672
122,46739,0.023874718695878983,,,
123,46749,,0.016028933227062225,,
123,46799,,0.024519026279449463,,
123,46849,,0.03486557677388191,,
123,46899,,0.030007071793079376,,
123,46949,,0.02160804346203804,,
123,46999,,0.02117142640054226,,
123,47049,,0.020040113478899002,,
123,47099,,0.023982098326086998,,
123,47119,,,0.02398078702390194,29.188739776611328
123,47119,0.023741746321320534,,,
124,47149,,0.014475967735052109,,
124,47199,,0.026756025850772858,,
124,47249,,0.03098215162754059,,
124,47299,,0.02799304388463497,,
124,47349,,0.028514482080936432,,
124,47399,,0.016033070161938667,,
124,47449,,0.02908245287835598,,
124,47499,,0.012289615347981453,,
124,47499,,,0.023968864232301712,29.1810302734375
124,47499,0.023762710392475128,,,
125,47549,,0.025231387466192245,,
125,47599,,0.020384114235639572,,
125,47649,,0.03424476087093353,,
125,47699,,0.025747712701559067,,
125,47749,,0.028080126270651817,,
125,47799,,0.016949143260717392,,
125,47849,,0.023435261100530624,,
125,47879,,,0.023957498371601105,29.206466674804688
125,47879,0.023719996213912964,,,
126,47899,,0.024244001135230064,,
126,47949,,0.024781113490462303,,
126,47999,,0.02406938374042511,,
126,48049,,0.0320228710770607,,
126,48099,,0.032423391938209534,,
126,48149,,0.023614568635821342,,
126,48199,,0.021645551547408104,,
126,48249,,0.02181444689631462,,
126,48259,,,0.02395877242088318,29.19673728942871
126,48259,0.02367502450942993,,,
127,48299,,0.023321300745010376,,
127,48349,,0.029453575611114502,,
127,48399,,0.010400320403277874,,
127,48449,,0.03423899784684181,,
127,48499,,0.021784182637929916,,
127,48549,,0.015371287241578102,,
127,48599,,0.01787622645497322,,
127,48639,,,0.023951727896928787,29.202136993408203
127,48639,0.023755786940455437,,,
128,48649,,0.02321666106581688,,
128,48699,,0.023981839418411255,,
128,48749,,0.022760063409805298,,
128,48799,,0.02395019493997097,,
128,48849,,0.023569388315081596,,
128,48899,,0.023210106417536736,,
128,48949,,0.02323354408144951,,
128,48999,,0.024629389867186546,,
128,49019,,,0.023940782994031906,29.206594467163086
128,49019,0.023636862635612488,,,
129,49049,,0.017251435667276382,,
129,49099,,0.01654568687081337,,
129,49149,,0.022476157173514366,,
129,49199,,0.023345058783888817,,
129,49249,,0.04134909808635712,,
129,49299,,0.024935003370046616,,
129,49349,,0.031616248190402985,,
129,49399,,0.021790191531181335,,
129,49399,,,0.023912008851766586,29.222314834594727
129,49399,0.023645451292395592,,,
130,49449,,0.02513561211526394,,
130,49499,,0.02005140855908394,,
130,49549,,0.027888223528862,,
130,49599,,0.0329405814409256,,
130,49649,,0.021031027659773827,,
130,49699,,0.03424864262342453,,
130,49749,,0.022057047113776207,,
130,49779,,,0.023967714980244637,29.210241317749023
130,49779,0.0236071664839983,,,
131,49799,,0.030746659263968468,,
131,49849,,0.02438409999012947,,
131,49899,,0.013171732425689697,,
131,49949,,0.022975273430347443,,
131,49999,,0.006452319677919149,,
131,50049,,0.01746084913611412,,
131,50099,,0.028187936171889305,,
131,50149,,0.025010941550135612,,
131,50159,,,0.02391081303358078,29.22246742248535
131,50159,0.023504042997956276,,,
132,50199,,0.02071009948849678,,
132,50249,,0.020143596455454826,,
132,50299,,0.030498415231704712,,
132,50349,,0.02260182425379753,,
132,50399,,0.023950820788741112,,
132,50449,,0.033574849367141724,,
132,50499,,0.013407282531261444,,
132,50539,,,0.02394861727952957,29.201122283935547
132,50539,0.023593729361891747,,,
133,50549,,0.027016332373023033,,
133,50599,,0.024339936673641205,,
133,50649,,0.022610396146774292,,
133,50699,,0.023662175983190536,,
133,50749,,0.011757208965718746,,
133,50799,,0.02139851078391075,,
133,50849,,0.01815786585211754,,
133,50899,,0.021255403757095337,,
133,50919,,,0.023900609463453293,29.221019744873047
133,50919,0.023616328835487366,,,
134,50949,,0.026928957551717758,,
134,50999,,0.024018898606300354,,
134,51049,,0.0340425968170166,,
134,51099,,0.026976581662893295,,
134,51149,,0.019099067896604538,,
134,51199,,0.01986534148454666,,
134,51249,,0.029854005202651024,,
134,51299,,0.0243846382945776,,
134,51299,,,0.02381499484181404,29.250946044921875
134,51299,0.023558825254440308,,,
135,51349,,0.035022538155317307,,
135,51399,,0.02631114050745964,,
135,51449,,0.00822704192250967,,
135,51499,,0.018691658973693848,,
135,51549,,0.026943830773234367,,
135,51599,,0.015101425349712372,,
135,51649,,0.029854383319616318,,
135,51679,,,0.023806851357221603,29.247196197509766
135,51679,0.023524820804595947,,,
136,51699,,0.02600511536002159,,
136,51749,,0.02168881520628929,,
136,51799,,0.025120273232460022,,
136,51849,,0.02093341015279293,,
136,51899,,0.03000558167695999,,
136,51949,,0.029721474274992943,,
136,51999,,0.016643455252051353,,
136,52049,,0.022709503769874573,,
136,52059,,,0.023801041767001152,29.250967025756836
136,52059,0.023575441911816597,,,
137,52099,,0.01933443360030651,,
137,52149,,0.02187614142894745,,
137,52199,,0.02312597632408142,,
137,52249,,0.02475966513156891,,
137,52299,,0.02262277528643608,,
137,52349,,0.016076451167464256,,
137,52399,,0.020154712721705437,,
137,52439,,,0.023768577724695206,29.268253326416016
137,52439,0.023462919518351555,,,
138,52449,,0.02111864648759365,,
138,52499,,0.025464247912168503,,
138,52549,,0.018706025555729866,,
138,52599,,0.02352515421807766,,
138,52649,,0.02241252362728119,,
138,52699,,0.02644318714737892,,
138,52749,,0.017330018803477287,,
138,52799,,0.019517680630087852,,
138,52819,,,0.023784548044204712,29.255756378173828
138,52819,0.023399878293275833,,,
139,52849,,0.015767447650432587,,
139,52899,,0.0142598245292902,,
139,52949,,0.01573304645717144,,
139,52999,,0.022313162684440613,,
139,53049,,0.02237578108906746,,
139,53099,,0.021473702043294907,,
139,53149,,0.025317862629890442,,
139,53199,,0.02915799431502819,,
139,53199,,,0.023773467168211937,29.256877899169922
139,53199,0.023380370810627937,,,
140,53249,,0.022996095940470695,,
140,53299,,0.02490929886698723,,
140,53349,,0.02788790687918663,,
140,53399,,0.029125504195690155,,
140,53449,,0.02564937435090542,,
140,53499,,0.02294669859111309,,
140,53549,,0.0232083722949028,,
140,53579,,,0.02374851331114769,29.2665958404541
140,53579,0.02353583462536335,,,
141,53599,,0.02107498049736023,,
141,53649,,0.023044701665639877,,
141,53699,,0.023235991597175598,,
141,53749,,0.018189746886491776,,
141,53799,,0.02635868266224861,,
141,53849,,0.025723468512296677,,
141,53899,,0.026715179905295372,,
141,53949,,0.030140113085508347,,
141,53959,,,0.02376299723982811,29.2608642578125
141,53959,0.023432325571775436,,,
142,53999,,0.027863699942827225,,
142,54049,,0.02702239155769348,,
142,54099,,0.009377103298902512,,
142,54149,,0.024898169562220573,,
142,54199,,0.028672929853200912,,
142,54249,,0.012156362645328045,,
142,54299,,0.021560028195381165,,
142,54339,,,0.0237530879676342,29.264087677001953
142,54339,0.023365506902337074,,,
143,54349,,0.02241342142224312,,
143,54399,,0.024961218237876892,,
143,54449,,0.01478879339993,,
143,54499,,0.021588874980807304,,
143,54549,,0.030285483226180077,,
143,54599,,0.01325112022459507,,
143,54649,,0.02814066782593727,,
143,54699,,0.019273791462183,,
143,54719,,,0.023763101547956467,29.256399154663086
143,54719,0.02341940440237522,,,
144,54749,,0.02780088037252426,,
144,54799,,0.023349512368440628,,
144,54849,,0.02448752336204052,,
144,54899,,0.025272518396377563,,
144,54949,,0.024621104821562767,,
144,54999,,0.024103865027427673,,
144,55049,,0.0374796986579895,,
144,55099,,0.024495135992765427,,
144,55099,,,0.023755481466650963,29.266376495361328
144,55099,0.0234733484685421,,,
145,55149,,0.01635168306529522,,
145,55199,,0.02462190017104149,,
145,55249,,0.02807701751589775,,
145,55299,,0.030194707214832306,,
145,55349,,0.012877094559371471,,
145,55399,,0.02831735834479332,,
145,55449,,0.02050892449915409,,
145,55479,,,0.023742875084280968,29.270671844482422
145,55479,0.023629577830433846,,,
146,55499,,0.034018125385046005,,
146,55549,,0.021024322137236595,,
146,55599,,0.023656904697418213,,
146,55649,,0.02251342684030533,,
146,55699,,0.025419807061553,,
146,55749,,0.019034771248698235,,
146,55799,,0.026144620031118393,,
146,55849,,0.016824956983327866,,
146,55859,,,0.02374798245728016,29.269052505493164
146,55859,0.023396505042910576,,,
147,55899,,0.02516615390777588,,
147,55949,,0.02353532239794731,,
147,55999,,0.014927683398127556,,
147,56049,,0.01868782564997673,,
147,56099,,0.02333393506705761,,
147,56149,,0.018965749070048332,,
147,56199,,0.01908775232732296,,
147,56239,,,0.02374095655977726,29.271398544311523
147,56239,0.023448461666703224,,,
148,56249,,0.022931961342692375,,
148,56299,,0.010536487214267254,,
148,56349,,0.0226582121104002,,
148,56399,,0.022490447387099266,,
148,56449,,0.031185656785964966,,
148,56499,,0.026164963841438293,,
148,56549,,0.024045594036579132,,
148,56599,,0.026330962777137756,,
148,56619,,,0.023741615936160088,29.269912719726562
148,56619,0.02340206690132618,,,
149,56649,,0.020574212074279785,,
149,56699,,0.018652748316526413,,
149,56749,,0.025504058226943016,,
149,56799,,0.015261175110936165,,
149,56849,,0.023134499788284302,,
149,56899,,0.0211542509496212,,
149,56949,,0.028766077011823654,,
149,56999,,0.01382193248718977,,
149,56999,,,0.023743171244859695,29.269237518310547
149,56999,0.023425839841365814,,,
